<?xml version="1.0" encoding="UTF-8"?>
<actions>
        <action>
            <actionName>run</actionName>
            <packagings>
                <packaging>jar</packaging>
            </packagings>
            <goals>
                <goal>process-classes</goal>
                <goal>org.codehaus.mojo:exec-maven-plugin:1.2.1:exec</goal>
            </goals>
            <properties>
                <exec.args>-DDB_LOCATION=C:\\Users\\Marvin\\police_records.db -classpath %classpath com.circuit.main.PoliceRecordsMain</exec.args>
                <exec.executable>java</exec.executable>
            </properties>
        </action>
        <action>
            <actionName>debug</actionName>
            <packagings>
                <packaging>jar</packaging>
            </packagings>
            <goals>
                <goal>process-classes</goal>
                <goal>org.codehaus.mojo:exec-maven-plugin:1.2.1:exec</goal>
            </goals>
            <properties>
                <exec.args>-Xdebug -Xrunjdwp:transport=dt_socket,server=n,address=${jpda.address} -DDB_LOCATION=C:\\Users\\Marvin\\police_records.db -classpath %classpath ${packageClassName}</exec.args>
                <exec.executable>java</exec.executable>
                <jpda.listen>true</jpda.listen>
            </properties>
        </action>
        <action>
            <actionName>profile</actionName>
            <packagings>
                <packaging>jar</packaging>
            </packagings>
            <goals>
                <goal>process-classes</goal>
                <goal>org.codehaus.mojo:exec-maven-plugin:1.2.1:exec</goal>
            </goals>
            <properties>
                <exec.args>-DDB_LOCATION=C:\\Users\\Marvin\\police_records.db -classpath %classpath ${packageClassName}</exec.args>
                <exec.executable>java</exec.executable>
            </properties>
        </action>
        <action>
            <actionName>rebuild</actionName>
            <preAction>build-with-dependencies</preAction>
            <packagings>
                <packaging>*</packaging>
            </packagings>
            <goals>
                <goal>mvn</goal>
                <goal>clean</goal>
                <goal>install</goal>
            </goals>
        </action>
        <action>
            <actionName>CUSTOM-Clean Install</actionName>
            <displayName>Clean Install</displayName>
            <preAction>build-with-dependencies</preAction>
            <goals>
                <goal>clean</goal>
                <goal>install</goal>
                
                
            </goals>
        </action>
        <action>
            <actionName>clean</actionName>
            <preAction>build-with-dependencies</preAction>
            <packagings>
                <packaging>*</packaging>
            </packagings>
            <goals>
                <goal>clean</goal>
                <goal>install:install</goal>
            </goals>
        </action>
    </actions>
